transaction_catg,cbo_category
Agriculture Loan Repayments (misc),Other Spending
Commodity Credit Corporation programs,Other Spending
Customs and Certain Excise Taxes,Customs Duties
Deposits by States,
Education Department programs,Other Spending
Energy Department programs,Other Spending
Estate and Gift Taxes,Estate and Gift Taxes
Federal Reserve Earnings,Miscellaneous Receipts
"Foreign Deposits, Military Sales",Other Spending
FTD's Received (Table IV),Individual Income Taxes
Housing and Urban Development programs,Other Spending
"Individual Income and Employment Taxes, Not Withheld",Individual Income Taxes
Interest recd from T&L Depositaries,Net Interest
Justice Department programs,Other Spending
Postal Service,Other Spending
Public Debt Cash Issues (Table III-B),
Other Deposits,Miscellaneous Receipts
Change in Balance of Uncollected Funds (closing balance $ 97),Miscellaneous Receipts
Transfers from Depositaries,Miscellaneous Receipts
Transfers from Federal Reserve Account (Table V),
Defense Vendor Payments (EFT),National Defense
Federal Employees Insurance Payments,Other Spending
Fed. Highway Administration programs,Other Spending
Federal Salaries (EFT),Other Spending
Food and Nutrition Service (misc),Other Spending
Food Stamps,Other Spending
GSA programs,Other Spending
Health and Human Services Grants (misc),Other Spending
Interest on Treasury Securities,Net Interest
Labor Dept. prgms (excl. unemployment),Other Spending
Medicaid,Medicaid
Medicare,Medicare
NASA programs,Other Spending
Postal Service Money Orders and Other,Other Spending
Public Debt Cash Redemp. (Table III-B),
Social Security Benefits (EFT),Social Security
Temporary Assistance for Needy Families (HHS),Other Spending
Unemployment Insurance Benefits,Other Spending
Veterans Affairs programs,Other Spending
Other Withdrawals,Other Spending
Transfers to Depositaries,Other Spending
Transfers to Federal Reserve Account (Table V),
Change in Balance of Uncollected Funds (closing balance $ 88),Miscellaneous Receipts
Change in Balance of Uncollected Funds (closing balance $ 75),Miscellaneous Receipts
Change in Balance of Uncollected Funds (closing balance $ 43),Miscellaneous Receipts
Change in Balance of Uncollected Funds (closing balance $ 89),Miscellaneous Receipts
Change in Balance of Uncollected Funds (closing balance $ 94),Miscellaneous Receipts
Change in Balance of Uncollected Funds (closing balance $ 301),Miscellaneous Receipts
Change in Balance of Uncollected Funds (closing balance $ 35),Miscellaneous Receipts
Change in Balance of Uncollected Funds (closing balance $ 107),Miscellaneous Receipts
Change in Balance of Uncollected Funds (closing balance $ 142),Miscellaneous Receipts
Change in Balance of Uncollected Funds (closing balance $ 63),Miscellaneous Receipts
Change in Balance of Uncollected Funds (closing balance $ 34),Miscellaneous Receipts
Change in Balance of Uncollected Funds (closing balance $ 151),Miscellaneous Receipts
Change in Balance of Uncollected Funds (closing balance $ 110),Miscellaneous Receipts
Change in Balance of Uncollected Funds (closing balance $ 112),Miscellaneous Receipts
Change in Balance of Uncollected Funds (closing balance $ 44),Miscellaneous Receipts
Change in Balance of Uncollected Funds (closing balance $ 74),Miscellaneous Receipts
Change in Balance of Uncollected Funds (closing balance $ 172),Miscellaneous Receipts
Change in Balance of Uncollected Funds (closing balance $ 78),Miscellaneous Receipts
Change in Balance of Uncollected Funds (closing balance $ 25),Miscellaneous Receipts
Change in Balance of Uncollected Funds (closing balance $ 206),Miscellaneous Receipts
Change in Balance of Uncollected Funds (closing balance $ 124),Miscellaneous Receipts
Change in Balance of Uncollected Funds (closing balance $ 50),Miscellaneous Receipts
Change in Balance of Uncollected Funds (closing balance $ 122),Miscellaneous Receipts
Change in Balance of Uncollected Funds (closing balance $ 70),Miscellaneous Receipts
Change in Balance of Uncollected Funds (closing balance $ 90),Miscellaneous Receipts
Change in Balance of Uncollected Funds (closing balance $ 79),Miscellaneous Receipts
Change in Balance of Uncollected Funds (closing balance $ 92),Miscellaneous Receipts
Change in Balance of Uncollected Funds (closing balance $ 153),Miscellaneous Receipts
Change in Balance of Uncollected Funds (closing balance $ 95),Miscellaneous Receipts
Change in Balance of Uncollected Funds (closing balance $ 248),Miscellaneous Receipts
Change in Balance of Uncollected Funds (closing balance $ 85),Miscellaneous Receipts
Change in Balance of Uncollected Funds (closing balance $ 99),Miscellaneous Receipts
Change in Balance of Uncollected Funds (closing balance $ 45),Miscellaneous Receipts
Change in Balance of Uncollected Funds (closing balance $ 183),Miscellaneous Receipts
Change in Balance of Uncollected Funds (closing balance $ 120),Miscellaneous Receipts
Change in Balance of Uncollected Funds (closing balance $ 165),Miscellaneous Receipts
Change in Balance of Uncollected Funds (closing balance $ 163),Miscellaneous Receipts
Change in Balance of Uncollected Funds (closing balance $ 56),Miscellaneous Receipts
Change in Balance of Uncollected Funds (closing balance $ 76),Miscellaneous Receipts
Change in Balance of Uncollected Funds (closing balance $ 157),Miscellaneous Receipts
Change in Balance of Uncollected Funds (closing balance $ 30),Miscellaneous Receipts
Change in Balance of Uncollected Funds (closing balance $ 271),Miscellaneous Receipts
Change in Balance of Uncollected Funds (closing balance $ 46),Miscellaneous Receipts
Change in Balance of Uncollected Funds (closing balance $ 91),Miscellaneous Receipts
Change in Balance of Uncollected Funds (closing balance $ 83),Miscellaneous Receipts
Change in Balance of Uncollected Funds (closing balance $ 127),Miscellaneous Receipts
Change in Balance of Uncollected Funds (closing balance $ 129),Miscellaneous Receipts
Change in Balance of Uncollected Funds (closing balance $ 37),Miscellaneous Receipts
Change in Balance of Uncollected Funds (closing balance $ 137),Miscellaneous Receipts
Change in Balance of Uncollected Funds (closing balance $ 158),Miscellaneous Receipts
Change in Balance of Uncollected Funds (closing balance $ 80),Miscellaneous Receipts
Change in Balance of Uncollected Funds (closing balance $ 57),Miscellaneous Receipts
Change in Balance of Uncollected Funds (closing balance $ 24),Miscellaneous Receipts
Change in Balance of Uncollected Funds (closing balance $ 68),Miscellaneous Receipts
Change in Balance of Uncollected Funds (closing balance $ 118),Miscellaneous Receipts
Change in Balance of Uncollected Funds (closing balance $ 652),Miscellaneous Receipts
Change in Balance of Uncollected Funds (closing balance $ 22),Miscellaneous Receipts
Change in Balance of Uncollected Funds (closing balance $ 93),Miscellaneous Receipts
Change in Balance of Uncollected Funds (closing balance $ 247),Miscellaneous Receipts
Change in Balance of Uncollected Funds (closing balance $ 156),Miscellaneous Receipts
Change in Balance of Uncollected Funds (closing balance $ 32),Miscellaneous Receipts
Change in Balance of Uncollected Funds (closing balance $ 101),Miscellaneous Receipts
Change in Balance of Uncollected Funds (closing balance $ 121),Miscellaneous Receipts
Change in Balance of Uncollected Funds (closing balance $ 72),Miscellaneous Receipts
Change in Balance of Uncollected Funds (closing balance $ 23),Miscellaneous Receipts
Change in Balance of Uncollected Funds (closing balance $ 199),Miscellaneous Receipts
Change in Balance of Uncollected Funds (closing balance $ 39),Miscellaneous Receipts
Change in Balance of Uncollected Funds (closing balance $ 96),Miscellaneous Receipts
Change in Balance of Uncollected Funds (closing balance $ 13),Miscellaneous Receipts
Change in Balance of Uncollected Funds (closing balance $ 188),Miscellaneous Receipts
Change in Balance of Uncollected Funds (closing balance $ 108),Miscellaneous Receipts
Change in Balance of Uncollected Funds (closing balance $ 84),Miscellaneous Receipts
Change in Balance of Uncollected Funds (closing balance $ 109),Miscellaneous Receipts
Change in Balance of Uncollected Funds (closing balance $ 210),Miscellaneous Receipts
Change in Balance of Uncollected Funds (closing balance $ 31),Miscellaneous Receipts
Change in Balance of Uncollected Funds (closing balance $ 115),Miscellaneous Receipts
Change in Balance of Uncollected Funds (closing balance $ 113),Miscellaneous Receipts
Change in Balance of Uncollected Funds (closing balance $ 140),Miscellaneous Receipts
Change in Balance of Uncollected Funds (closing balance $ 135),Miscellaneous Receipts
Change in Balance of Uncollected Funds (closing balance $ 54),Miscellaneous Receipts
Change in Balance of Uncollected Funds (closing balance $ 28),Miscellaneous Receipts
Change in Balance of Uncollected Funds (closing balance $ 131),Miscellaneous Receipts
Change in Balance of Uncollected Funds (closing balance $ 73),Miscellaneous Receipts
Change in Balance of Uncollected Funds (closing balance $ 117),Miscellaneous Receipts
Change in Balance of Uncollected Funds (closing balance $ 685),Miscellaneous Receipts
Change in Balance of Uncollected Funds (closing balance $ 128),Miscellaneous Receipts
Change in Balance of Uncollected Funds (closing balance $ 141),Miscellaneous Receipts
Change in Balance of Uncollected Funds (closing balance $ 48),Miscellaneous Receipts
Change in Balance of Uncollected Funds (closing balance $ 144),Miscellaneous Receipts
Change in Balance of Uncollected Funds (closing balance $ 190),Miscellaneous Receipts
Change in Balance of Uncollected Funds (closing balance $ 143),Miscellaneous Receipts
Change in Balance of Uncollected Funds (closing balance $ 40),Miscellaneous Receipts
Change in Balance of Uncollected Funds (closing balance $ 87),Miscellaneous Receipts
Change in Balance of Uncollected Funds (closing balance $ 162),Miscellaneous Receipts
"Change in Balance of Uncollected Funds (closing balance $ 1,263)",Miscellaneous Receipts
Change in Balance of Uncollected Funds (closing balance $ 65),Miscellaneous Receipts
Change in Balance of Uncollected Funds (closing balance $ 111),Miscellaneous Receipts
Change in Balance of Uncollected Funds (closing balance $ 154),Miscellaneous Receipts
Change in Balance of Uncollected Funds (closing balance $ 27),Miscellaneous Receipts
Change in Balance of Uncollected Funds (closing balance $ 119),Miscellaneous Receipts
Change in Balance of Uncollected Funds (closing balance $ 82),Miscellaneous Receipts
Change in Balance of Uncollected Funds (closing balance $ 368),Miscellaneous Receipts
Change in Balance of Uncollected Funds (closing balance $ 103),Miscellaneous Receipts
Change in Balance of Uncollected Funds (closing balance $ 33),Miscellaneous Receipts
Change in Balance of Uncollected Funds (closing balance $ 125),Miscellaneous Receipts
Change in Balance of Uncollected Funds (closing balance $ 152),Miscellaneous Receipts
Change in Balance of Uncollected Funds (closing balance $ 29),Miscellaneous Receipts
Change in Balance of Uncollected Funds (closing balance $ 66),Miscellaneous Receipts
Change in Balance of Uncollected Funds (closing balance $ 81),Miscellaneous Receipts
Change in Balance of Uncollected Funds (closing balance $ 105),Miscellaneous Receipts
Change in Balance of Uncollected Funds (closing balance $ 52),Miscellaneous Receipts
Change in Balance of Uncollected Funds (closing balance $ 160),Miscellaneous Receipts
Change in Balance of Uncollected Funds (closing balance $ 186),Miscellaneous Receipts
Change in Balance of Uncollected Funds (closing balance $ 61),Miscellaneous Receipts
Change in Balance of Uncollected Funds (closing balance $ 150),Miscellaneous Receipts
Change in Balance of Uncollected Funds (closing balance $ 38),Miscellaneous Receipts
Change in Balance of Uncollected Funds (closing balance $ 203),Miscellaneous Receipts
Change in Balance of Uncollected Funds (closing balance $ 195),Miscellaneous Receipts
Change in Balance of Uncollected Funds (closing balance $ 41),Miscellaneous Receipts
Change in Balance of Uncollected Funds (closing balance $ 139),Miscellaneous Receipts
Change in Balance of Uncollected Funds (closing balance $ 145),Miscellaneous Receipts
Change in Balance of Uncollected Funds (closing balance $ 198),Miscellaneous Receipts
Change in Balance of Uncollected Funds (closing balance $ 155),Miscellaneous Receipts
Change in Balance of Uncollected Funds (closing balance $ 123),Miscellaneous Receipts
Change in Balance of Uncollected Funds (closing balance $ 106),Miscellaneous Receipts
Change in Balance of Uncollected Funds (closing balance $ 138),Miscellaneous Receipts
Change in Balance of Uncollected Funds (closing balance $ 126),Miscellaneous Receipts
Change in Balance of Uncollected Funds (closing balance $ 348),Miscellaneous Receipts
Change in Balance of Uncollected Funds (closing balance $ 742),Miscellaneous Receipts
Change in Balance of Uncollected Funds (closing balance $ 134),Miscellaneous Receipts
Change in Balance of Uncollected Funds (closing balance $ 466),Miscellaneous Receipts
Change in Balance of Uncollected Funds (closing balance $ 443),Miscellaneous Receipts
Change in Balance of Uncollected Funds (closing balance $ 573),Miscellaneous Receipts
Change in Balance of Uncollected Funds (closing balance $ 592),Miscellaneous Receipts
Change in Balance of Uncollected Funds (closing balance $ 161),Miscellaneous Receipts
Change in Balance of Uncollected Funds (closing balance $ 240),Miscellaneous Receipts
Change in Balance of Uncollected Funds (closing balance $ 300),Miscellaneous Receipts
Change in Balance of Uncollected Funds (closing balance $ 267),Miscellaneous Receipts
Change in Balance of Uncollected Funds (closing balance $ 86),Miscellaneous Receipts
Change in Balance of Uncollected Funds (closing balance $ 148),Miscellaneous Receipts
Change in Balance of Uncollected Funds (closing balance $ 175),Miscellaneous Receipts
Change in Balance of Uncollected Funds (closing balance $ 363),Miscellaneous Receipts
Change in Balance of Uncollected Funds (closing balance $ 55),Miscellaneous Receipts
Change in Balance of Uncollected Funds (closing balance $ 159),Miscellaneous Receipts
Change in Balance of Uncollected Funds (closing balance $ 290),Miscellaneous Receipts
Change in Balance of Uncollected Funds (closing balance $ 60),Miscellaneous Receipts
Change in Balance of Uncollected Funds (closing balance $ 36),Miscellaneous Receipts
Change in Balance of Uncollected Funds (closing balance $ 100),Miscellaneous Receipts
Change in Balance of Uncollected Funds (closing balance $ 184),Miscellaneous Receipts
Change in Balance of Uncollected Funds (closing balance $ 64),Miscellaneous Receipts
Change in Balance of Uncollected Funds (closing balance $ 98),Miscellaneous Receipts
Change in Balance of Uncollected Funds (closing balance $ 194),Miscellaneous Receipts
Change in Balance of Uncollected Funds (closing balance $ 226),Miscellaneous Receipts
Change in Balance of Uncollected Funds (closing balance $ 102),Miscellaneous Receipts
Change in Balance of Uncollected Funds (closing balance $ 114),Miscellaneous Receipts
Change in Balance of Uncollected Funds (closing balance $ 130),Miscellaneous Receipts
Change in Balance of Uncollected Funds (closing balance $ 47),Miscellaneous Receipts
Change in Balance of Uncollected Funds (closing balance $ 220),Miscellaneous Receipts
Change in Balance of Uncollected Funds (closing balance $ 77),Miscellaneous Receipts
Change in Balance of Uncollected Funds (closing balance $ 147),Miscellaneous Receipts
Change in Balance of Uncollected Funds (closing balance $ 216),Miscellaneous Receipts
Change in Balance of Uncollected Funds (closing balance $ 181),Miscellaneous Receipts
Change in Balance of Uncollected Funds (closing balance $ 42),Miscellaneous Receipts
Change in Balance of Uncollected Funds (closing balance $ 201),Miscellaneous Receipts
Change in Balance of Uncollected Funds (closing balance $ 20),Miscellaneous Receipts
Change in Balance of Uncollected Funds (closing balance $ 217),Miscellaneous Receipts
Change in Balance of Uncollected Funds (closing balance $ 231),Miscellaneous Receipts
Change in Balance of Uncollected Funds (closing balance $ 298),Miscellaneous Receipts
Change in Balance of Uncollected Funds (closing balance $ 171),Miscellaneous Receipts
Change in Balance of Uncollected Funds (closing balance $ 229),Miscellaneous Receipts
Change in Balance of Uncollected Funds (closing balance $ 149),Miscellaneous Receipts
Change in Balance of Uncollected Funds (closing balance $ 132),Miscellaneous Receipts
Change in Balance of Uncollected Funds (closing balance $ 182),Miscellaneous Receipts
Change in Balance of Uncollected Funds (closing balance $ 278),Miscellaneous Receipts
Change in Balance of Uncollected Funds (closing balance $ 146),Miscellaneous Receipts
Change in Balance of Uncollected Funds (closing balance $ 170),Miscellaneous Receipts
Change in Balance of Uncollected Funds (closing balance $ 227),Miscellaneous Receipts
Change in Balance of Uncollected Funds (closing balance $ 219),Miscellaneous Receipts
Change in Balance of Uncollected Funds (closing balance $ 204),Miscellaneous Receipts
Change in Balance of Uncollected Funds (closing balance $ 241),Miscellaneous Receipts
Change in Balance of Uncollected Funds (closing balance $ 164),Miscellaneous Receipts
Change in Balance of Uncollected Funds (closing balance $ 259),Miscellaneous Receipts
Change in Balance of Uncollected Funds (closing balance $ 239),Miscellaneous Receipts
Change in Balance of Uncollected Funds (closing balance $ 236),Miscellaneous Receipts
Change in Balance of Uncollected Funds (closing balance $ 200),Miscellaneous Receipts
Change in Balance of Uncollected Funds (closing balance $ 273),Miscellaneous Receipts
Change in Balance of Uncollected Funds (closing balance $ 407),Miscellaneous Receipts
Change in Balance of Uncollected Funds (closing balance $ 261),Miscellaneous Receipts
Change in Balance of Uncollected Funds (closing balance $ 193),Miscellaneous Receipts
Change in Balance of Uncollected Funds (closing balance $ 208),Miscellaneous Receipts
Change in Balance of Uncollected Funds (closing balance $ 173),Miscellaneous Receipts
Change in Balance of Uncollected Funds (closing balance $ 104),Miscellaneous Receipts
Change in Balance of Uncollected Funds (closing balance $ 276),Miscellaneous Receipts
Change in Balance of Uncollected Funds (closing balance $ 136),Miscellaneous Receipts
Change in Balance of Uncollected Funds (closing balance $ 189),Miscellaneous Receipts
Change in Balance of Uncollected Funds (closing balance $ 214),Miscellaneous Receipts
Change in Balance of Uncollected Funds (closing balance $ 178),Miscellaneous Receipts
Change in Balance of Uncollected Funds (closing balance $ 176),Miscellaneous Receipts
Change in Balance of Uncollected Funds (closing balance $ 174),Miscellaneous Receipts
Change in Balance of Uncollected Funds (closing balance $ 243),Miscellaneous Receipts
Change in Balance of Uncollected Funds (closing balance $ 212),Miscellaneous Receipts
Change in Balance of Uncollected Funds (closing balance $ 187),Miscellaneous Receipts
Change in Balance of Uncollected Funds (closing balance $ 168),Miscellaneous Receipts
Change in Balance of Uncollected Funds (closing balance $ 277),Miscellaneous Receipts
Change in Balance of Uncollected Funds (closing balance $ 185),Miscellaneous Receipts
Change in Balance of Uncollected Funds (closing balance $ 180),Miscellaneous Receipts
Change in Balance of Uncollected Funds (closing balance $ 71),Miscellaneous Receipts
Change in Balance of Uncollected Funds (closing balance $ 253),Miscellaneous Receipts
Change in Balance of Uncollected Funds (closing balance $ 404),Miscellaneous Receipts
Change in Balance of Uncollected Funds (closing balance $ 257),Miscellaneous Receipts
Change in Balance of Uncollected Funds (closing balance $ 207),Miscellaneous Receipts
Change in Balance of Uncollected Funds (closing balance $ 169),Miscellaneous Receipts
Change in Balance of Uncollected Funds (closing balance $ 62),Miscellaneous Receipts
Change in Balance of Uncollected Funds (closing balance $ 295),Miscellaneous Receipts
Change in Balance of Uncollected Funds (closing balance $ 279),Miscellaneous Receipts
Change in Balance of Uncollected Funds (closing balance $ 197),Miscellaneous Receipts
Change in Balance of Uncollected Funds (closing balance $ 358),Miscellaneous Receipts
Change in Balance of Uncollected Funds (closing balance $ 741),Miscellaneous Receipts
"Change in Balance of Uncollected Funds (closing balance $ 1,262)",Miscellaneous Receipts
"Change in Balance of Uncollected Funds (closing balance $ 1,068)",Miscellaneous Receipts
"Change in Balance of Uncollected Funds (closing balance $ 1,045)",Miscellaneous Receipts
"Change in Balance of Uncollected Funds (closing balance $ 1,005)",Miscellaneous Receipts
Change in Balance of Uncollected Funds (closing balance $ 462),Miscellaneous Receipts
Change in Balance of Uncollected Funds (closing balance $ 313),Miscellaneous Receipts
Change in Balance of Uncollected Funds (closing balance $ 391),Miscellaneous Receipts
Change in Balance of Uncollected Funds (closing balance $ 254),Miscellaneous Receipts
Change in Balance of Uncollected Funds (closing balance $ 59),Miscellaneous Receipts
Change in Balance of Uncollected Funds (closing balance $ 385),Miscellaneous Receipts
Change in Balance of Uncollected Funds (closing balance $ 26),Miscellaneous Receipts
Change in Balance of Uncollected Funds (closing balance $ 16),Miscellaneous Receipts
Change in Balance of Uncollected Funds (closing balance $ 18),Miscellaneous Receipts
Air Transport Security Fees,Miscellaneous Receipts
Change in Balance of Uncollected Funds (closing balance $ 1),Miscellaneous Receipts
Transportation Security Admin. (DHS),Miscellaneous Receipts
Change in Balance of Uncollected Funds (closing balance $ 8),Miscellaneous Receipts
Change in Balance of Uncollected Funds (closing balance $ 5),Miscellaneous Receipts
Change in Balance of Uncollected Funds (closing balance $ 10),Miscellaneous Receipts
Change in Balance of Uncollected Funds (closing balance $ 17),Miscellaneous Receipts
Change in Balance of Uncollected Funds (closing balance $ 11),Miscellaneous Receipts
Change in Balance of Uncollected Funds (closing balance $ 6),Miscellaneous Receipts
Change in Balance of Uncollected Funds (closing balance $ 9),Miscellaneous Receipts
Change in Balance of Uncollected Funds (closing balance $ 4),Miscellaneous Receipts
Change in Balance of Uncollected Funds (closing balance $ 12),Miscellaneous Receipts
Change in Balance of Uncollected Funds (closing balance $ 15),Miscellaneous Receipts
Change in Balance of Uncollected Funds (closing balance $ 21),Miscellaneous Receipts
Change in Balance of Uncollected Funds (closing balance $ 166),Miscellaneous Receipts
Change in Balance of Uncollected Funds (closing balance $ 53),Miscellaneous Receipts
Change in Balance of Uncollected Funds (closing balance $ 58),Miscellaneous Receipts
Change in Balance of Uncollected Funds (closing balance $ 179),Miscellaneous Receipts
Change in Balance of Uncollected Funds (closing balance $ 246),Miscellaneous Receipts
Change in Balance of Uncollected Funds (closing balance $ 238),Miscellaneous Receipts
Change in Balance of Uncollected Funds (closing balance $ 250),Miscellaneous Receipts
Change in Balance of Uncollected Funds (closing balance $ 245),Miscellaneous Receipts
Change in Balance of Uncollected Funds (closing balance $ 299),Miscellaneous Receipts
Change in Balance of Uncollected Funds (closing balance $ 167),Miscellaneous Receipts
Change in Balance of Uncollected Funds (closing balance $ 751),Miscellaneous Receipts
Change in Balance of Uncollected Funds (closing balance $ 237),Miscellaneous Receipts
Change in Balance of Uncollected Funds (closing balance $ 218),Miscellaneous Receipts
Change in Balance of Uncollected Funds (closing balance $ 263),Miscellaneous Receipts
Change in Balance of Uncollected Funds (closing balance $ 215),Miscellaneous Receipts
Change in Balance of Uncollected Funds (closing balance $ 177),Miscellaneous Receipts
Change in Balance of Uncollected Funds (closing balance $ 294),Miscellaneous Receipts
Change in Balance of Uncollected Funds (closing balance $ 329),Miscellaneous Receipts
Change in Balance of Uncollected Funds (closing balance $ 191),Miscellaneous Receipts
Change in Balance of Uncollected Funds (closing balance $ 311),Miscellaneous Receipts
Change in Balance of Uncollected Funds (closing balance $ 49),Miscellaneous Receipts
Change in Balance of Uncollected Funds (closing balance $ 244),Miscellaneous Receipts
Change in Balance of Uncollected Funds (closing balance $ 205),Miscellaneous Receipts
Change in Balance of Uncollected Funds (closing balance $ 364),Miscellaneous Receipts
"Change in Balance of Uncollected Funds (closing balance $ 1,314)",Miscellaneous Receipts
"Change in Balance of Uncollected Funds (closing balance $ 1,167)",Miscellaneous Receipts
"Change in Balance of Uncollected Funds (closing balance $ 1,268)",Miscellaneous Receipts
"Change in Balance of Uncollected Funds (closing balance $ 1,590)",Miscellaneous Receipts
"Change in Balance of Uncollected Funds (closing balance $ 1,177)",Miscellaneous Receipts
Change in Balance of Uncollected Funds (closing balance $ 880),Miscellaneous Receipts
"Change in Balance of Uncollected Funds (closing balance $ 1,149)",Miscellaneous Receipts
Change in Balance of Uncollected Funds (closing balance $ 758),Miscellaneous Receipts
Change in Balance of Uncollected Funds (closing balance $ 406),Miscellaneous Receipts
Change in Balance of Uncollected Funds (closing balance $ 224),Miscellaneous Receipts
Change in Balance of Uncollected Funds (closing balance $ 282),Miscellaneous Receipts
Change in Balance of Uncollected Funds (closing balance $ 274),Miscellaneous Receipts
Change in Balance of Uncollected Funds (closing balance $ 326),Miscellaneous Receipts
Change in Balance of Uncollected Funds (closing balance $ 260),Miscellaneous Receipts
Change in Balance of Uncollected Funds (closing balance $ 230),Miscellaneous Receipts
Change in Balance of Uncollected Funds (closing balance $ 318),Miscellaneous Receipts
Change in Balance of Uncollected Funds (closing balance $ 51),Miscellaneous Receipts
Change in Balance of Uncollected Funds (closing balance $ 196),Miscellaneous Receipts
Change in Balance of Uncollected Funds (closing balance $ -2),Miscellaneous Receipts
Change in Balance of Uncollected Funds (closing balance $0),Miscellaneous Receipts
Change in Balance of Uncollected Funds (closing balance $ -1),Miscellaneous Receipts
Change in Balance of Uncollected Funds (closing balance $ 3),Miscellaneous Receipts
Change in Balance of Uncollected Funds (closing balance $ 2),Miscellaneous Receipts
Change in Balance of Uncollected Funds (closing balance $),Miscellaneous Receipts
Change in Balance of Uncollected Funds (closing balance $ 7),Miscellaneous Receipts
Change in Balance of Uncollected Funds (closing balance $0,Miscellaneous Receipts
Change in Balance of Uncollected Funds (closing balance $ ),Miscellaneous Receipts
Change in Balance of Uncollected Funds (closing balance $ 14),Miscellaneous Receipts
Change in Balance of Uncollected Funds (closing balance $ 19),Miscellaneous Receipts
Change in Balance of Uncollected Funds,Miscellaneous Receipts
Supple. Nutrition Assist. Program (SNAP),Other Spending
Change in Balance of Uncollected Funds (closing balance $ -3),Miscellaneous Receipts
Change in Balance of Uncollected Funds (closing balance $-2),Miscellaneous Receipts
Change in Balance of Uncollected Funds (closing balance $-1),Miscellaneous Receipts
Change in Balance of Uncollected Funds (closing balance $4),Miscellaneous Receipts
Change in Balance of Uncollected Funds (closing balance $-3),Miscellaneous Receipts
Change in Balance of Uncollected Funds (closing balance $2),Miscellaneous Receipts
GSE MBS Purchase Program Income,Net Interest
Cash FTD's Received (Table IV),Individual Income Taxes
Interest recd from cash investments,Net Interest
IRS Tax Refunds Business (EFT),Corporate Income Taxes
IRS Tax Refunds Individual (EFT),Individual Income Taxes
GSA Programs,Other Spending
Veterans Affairs Programs,Other Spending
Medicare and Other CMS Payments,Medicare
Medicare Advantage - Part C&D Payments,Medicare
Marketplace Payments,Other Spending
Foreign Military Sales Program,Other Spending
Dept of Commerce (DOC),Other Spending
Dept of Education (ED),Other Spending
Dept of Energy (DOE),Other Spending
General Services Administration (GSA),Other Spending
ShTransfersCtohFederalmReserve Account (Table V),
Dept of Agriculture (USDA) - misc,Other Spending
USDA - Commodity Credit Corporation,Other Spending
USDA - Federal Crop Insurance Corp Fund,Other Spending
USDA - Loan Repayments,Other Spending
USDA - Other Farm Service,Other Spending
Dept of Health & Human Serv (HHS) - Misc,Other Spending
HHS - Marketplace Receipts,Other Spending
HHS - Medicare Premiums,Other Spending
Dept of Homeland Security (DHS) - misc,Other Spending
DHS - Customs and Certain Excise Taxes,Customs Duties
DHS - Fed Emergency Mgmt Agency (FEMA),Other Spending
DHS - Transportation Security Admn (TSA),Other Spending
Dept of Labor (DOL) - misc,Other Spending
DOL - Pension Benefit Guaranty Corp.,Other Spending
Dept of Transportation (DOT),Other Spending
Dept of Veterans Affairs (VA),Other Spending
District of Columbia,Other Spending
Environmental Protection Agency (EPA),Other Spending
Federal Communications Commission (FCC),Other Spending
FCC - Universal Service Fund,Other Spending
Federal Deposit Insurance Corp (FDIC),Other Spending
National Credit Union Admin (NCUA),Other Spending
National Science Foundation (NSF),Other Spending
Securities and Exchange Commission (SEC),Other Spending
Small Business Administration (SBA),Other Spending
State Unemployment Insurance Deposits,Other Spending
Unclassified - Deposits,Miscellaneous Receipts
Air Carrier Worker Support,National Defense
Coronavirus Relief Fund,Other Spending
USDA - Child Nutrition,Other Spending
USDA - Loan Payments,Other Spending
USDA - Supp Nutrition Assist Prog (SNAP),Other Spending
USDA - Supp Nutrition Assist Prog (WIC),Other Spending
HHS - Centers for Disease Control (CDC),Other Spending
HHS - Federal Hospital Insr Trust Fund,Medicare
HHS - Federal Supple Med Insr Trust Fund,Medicare
HHS - Grants to States for Medicaid,Medicaid
HHS - Health Resources & Services Admin,Other Spending
HHS - Indian Health Service,Other Spending
HHS - Marketplace Payments,Other Spending
HHS - Medicare Prescription Drugs,Medicare
HHS - National Institutes of Health,Other Spending
HHS - Other Public Health Services,Other Spending
HHS - Othr Admin for Children & Families,Other Spending
HHS - Othr Cent Medicare & Medicaid Serv,Other Spending
HHS - Payments to States,Medicaid
HHS - Temp Assistance for Needy Families,Other Spending
DHS - Customs & Border Protection (CBP),Other Spending
DOL - Unemployment Benefits,Other Spending
Unemployment Assist - FEMA Lost Wage Pmt,Other Spending
Dept of Transportation (DOT) - Misc,Other Spending
DOT - Federal Aviation Administration,Other Spending
DOT - Federal Highway Administration,Other Spending
DOT - Federal Railroad Administration,Other Spending
DOT - Federal Transit Administration,Other Spending
DOT - Office of the Secretary,Other Spending
VA - Benefits,Other Spending
ESF - Economic Recovery Programs,Other Spending
IRS - Economic Impact Payments (EFT),Other Spending
NASA,Other Spending
Agriculture,Other Spending
Federal Crop Ins. Corp.,Other Spending
Interntl Security Assistance (DSCA),Other Spending
Military Active Duty Pay (EFT),Other Spending
State Department,Other Spending
Thrift Savings Plan Transfer,Other Spending
U.S. District Courts (net),Other Spending
Unclassified,Other Spending
Coronavirus Relief Fund Title V,Other Spending
Commodity Futures Trading Comm (CFTC),Other Spending
Dept of Interior (DOI) - misc,Other Spending
DOI - Fish and Wildlife and Parks,Other Spending
DOI - Gas and Oil Lease Sales Proceeds,Other Spending
DOI - Land and Minerals Management,Other Spending
DOI - Water and Science,Other Spending
Export-Import Bank,Other Spending
Farm Credit System Insurance Cor (FCSIC),Other Spending
Federal Trade Commission (FTC),Other Spending
Independent Agencies - misc,Other Spending
Judicial Branch - Courts,Other Spending
Legislative Branch - misc,Other Spending
Legislative Branch - Library of Congress,Other Spending
RRB - Natl Railroad Retirement Inv Trust,Other Spending
RRB - Unemployment Insurance,Other Spending
Social Security Admin (SSA) - misc,Other Spending
SSA - Supplemental Security Income,Other Spending
Transfers from TGA (Table V),Other Spending
Airline Worker Support Extension,Other Spending
Corporation for Public Broadcasting,Other Spending
Emergency Capital Investment Program,Other Spending
Emergency Rental Assistance,Other Spending
IRS - Advanced Child Tax Credit (EFT),Other Spending
Railroad Retirement Board (RRB) - misc,Other Spending
RRB - Benefit Payments,Social Security
SSA - Benefits Payments,Social Security
Transportation Services,Other Spending
Transfers to TGA (Table V),Other Spending
DHS - Seized Assets,Miscellaneous Receipts
Dept of Housing & Urban Dev (HUD) - misc,Other Spending
HUD - Federal Housing Admin (FHA),Other Spending
Dept of Justice (DOJ),Other Spending
Dept of State (DOS),Other Spending
Dept of Treasury (TREAS) - misc,Other Spending
TREAS - Bureau of Engraving and Printing,Other Spending
TREAS - Comptroller of the Currency,Other Spending
TREAS - Federal Financing Bank,Other Spending
TREAS - GSE Proceeds,Other Spending
TREAS - United States Mint,Other Spending
Federal Retirement Thrift Savings Plan,Other Spending
International Monetary Fund (IMF),Other Spending
Int'l Assistance Programs (IAP) - misc,Other Spending
IAP - Agency for Int'l Development (AID),Other Spending
IAP - US Int'l Devlop Finance Corp (DFC),Other Spending
Office of Personnel Mgmt (OPM) - misc,Other Spending
OPM - Federal Employee Insurance Receipt,Payroll Taxes
Sub-Total Deposits,
Public Debt Cash Issues (Table IIIB),
null,
TREAS - Claims Judgments and Relief Acts,Other Spending
TREAS - IRS Refunds for Puerto Rico,Other Spending
TREAS - Pmt to Resolution Funding Corp,Other Spending
IAP - Multilateral Assistance,Other Spending
OPM - Civil Serv Retirement & Disability,Other Spending
OPM - Federal Employee Insurance Payment,Other Spending
Sub-Total Withdrawals,
Public Debt Cash Redemp. (Table IIIB),
TREAS - Troubled Asset Relief Pro (TARP),Other Spending
Dept of Defense (DoD),National Defense
Dept of Health & Human Serv (HHS) - misc,Other Spending
Taxes - Corporate Income,Corporate Income Taxes
Taxes - Estate and Gift,Estate and Gift Taxes
Taxes - Federal Unemployment (FUTA),Payroll Taxes
"Taxes - IRS Collected Estate, Gift, misc",Estate and Gift Taxes
Taxes - Miscellaneous Excise,Excuse Taxes
Taxes - Non Withheld Ind/SECA Electronic,Individual Income Taxes
Taxes - Non Withheld Ind/SECA Other,Individual Income Taxes
Taxes - Railroad Retirement,Payroll Taxes
Taxes - Withheld Individual/FICA,Individual Income Taxes
IAP - Foreign Military Sales,Other Spending
United States Postal Service (USPS),Other Spending
US Army Corps of Engineers,National Defense
Dept of Defense (DoD) - misc,National Defense
DoD - Military Active Duty Pay,National Defense
DoD - Military Retirement,National Defense
Dept of Transportation (DOT) - misc,Other Spending
Taxes - Business Tax Refunds (EFT),Corporate Income Taxes
Taxes - Individual Tax Refunds (EFT),Individual Income Taxes
DoD - Health,National Defense